{"cameraMode":{"drawMode":0,"name":"Shaded","section":"Shading Mode"},"sceneLighting":false,"audioPlay":false,"sceneViewState":{"m_AlwaysRefresh":false,"showFog":true,"showSkybox":false,"showFlares":true,"showImageEffects":true,"showParticleSystems":true,"showVisualEffectGraphs":true,"m_FxEnabled":true},"in2DMode":false,"pivot":{"x":156.0293731689453,"y":0.27604353427886965,"z":173.53082275390626},"rotation":{"x":0.10515958815813065,"y":-0.8815972208976746,"z":0.22532197833061219,"w":0.40304863452911379},"size":2.506373405456543,"orthographic":false}